{"losses": [66.10929954051971, 45.23293900489807, 41.591097354888916, 38.89246082305908, 35.949581146240234, 31.882660031318665, 24.723043620586395, 19.898448407649994, 14.913763523101807, 12.579196065664291, 9.367426253855228, 7.398575201630592, 6.278587505221367, 5.888125479221344, 5.113293841481209, 4.887488767504692, 3.685314804315567, 3.240865293890238, 3.959609642624855, 2.779421776533127], "accuracies": [0.31816666666666665, 0.43266666666666664, 0.49566666666666664, 0.5176666666666667, 0.5501666666666667, 0.6076666666666667, 0.701, 0.7648333333333334, 0.8155, 0.849, 0.8846666666666667, 0.9145, 0.928, 0.9393333333333334, 0.947, 0.9503333333333334, 0.9616666666666667, 0.9675, 0.9573333333333334, 0.972]}